wd_id,wp_id,slug,name,occupation,prob_ratio,gender,twitter,alive,l,hpi_raw,bplace_name,bplace_lat,bplace_lon,bplace_geonameid,bplace_country,bplace_continent,birthdate,birthyear,dplace_name,dplace_lat,dplace_lon,dplace_geonameid,dplace_country,dplace_continent,deathdate,deathyear,bplace_geacron_name,dplace_geacron_name,region,is_group,l_,age,non_en_page_views,coefficient_of_variation,hpi,occupation_rank,occupation_rank_unique,birthyear_rank,birthyear_rank_unique,bplace_country_rank,bplace_country_rank_unique,bplace_name_rank,bplace_name_rank_unique,deathyear_rank,deathyear_rank_unique,dplace_country_rank,dplace_country_rank_unique,dplace_name_rank,dplace_name_rank_unique,id
q710266,10809677,Arthur_Samuel,Arthur Samuel,COMPUTER SCIENTIST,2.7927023800572,M,,False,16,19.0923485275161,"Emporia, Kansas",38.40388889,-96.18166667,114705,United States,,1901-12-05,1901,"Stanford, California",37.4225,-122.16527778,108166,United States,,1990-07-29,1990,,,,False,3.1959287571339,118,6446,2.68886985427154,44.8916356792853,99,99,182,182,5586,5586,2,2,176,176,3842,3842,17,17,10809677
q335047,3965,Bill_Joy,Bill Joy,COMPUTER SCIENTIST,3.55677150749532,M,,True,26,18.9661794723713,"Farmington Hills, Michigan",42.48527778,-83.37694444,118331,United States,,1954-11-08,1954,,,,,,,,,United States,,,False,3.87756841841872,65,18971,3.48086493807764,44.4717852926052,102,102,226,226,5753,5753,1,1,,,,,,,3965
q92820,307669,Raj_Reddy,Raj Reddy,COMPUTER SCIENTIST,14.5692729267065,M,,True,24,18.5381443671637,Andhra Pradesh,16.5,80.64,2377,India,,1937-06-13,1937,,,,,,,,,,,,False,2.45111362405549,82,5367,3.96635918258158,43.0474209409194,119,119,316,316,455,455,1,1,,,,,,,307669
q92819,15590926,Edmund_M._Clarke,Edmund M. Clarke,COMPUTER SCIENTIST,37.2433601577899,M,,True,19,17.7605152533944,"Newport News, Virginia",37.07083333,-76.48444444,91277,United States,,1945-07-27,1945,,,,,,,,,United States,,,False,4.13460205110331,74,2246,2.82576095360558,40.4597191963424,137,137,378,378,7362,7362,4,4,,,,,,,15590926
q3567326,430503,Werner_Koch,Werner Koch,COMPUTER SCIENTIST,2.79639064426817,M,,True,15,15.7380769606795,,,,,,,1961-07-11,1961,,,,,,,,,,,,False,4.62509550538312,58,2431,2.04636685409308,33.7296894100475,171,171,452,452,,,,,,,,,,,430503
q312405,32493,Vernor_Vinge,Vernor Vinge,COMPUTER SCIENTIST,3.82118900898945,M,,True,30,20.9960616460632,"Waukesha, Wisconsin",43.01166667,-88.23166667,236130,United States,,1944-10-02,1944,,,,,,,,,United States,,,False,4.60207965417702,75,19397,3.39272270399312,51.2265859413195,54,54,199,199,3092,3092,2,2,,,,,,,32493
q92743,32433,Vint_Cerf,Vint Cerf,COMPUTER SCIENTIST,0,M,vgcerf,True,47,23.2276300569174,"New Haven, Connecticut",41.31,-72.92361111,53825,United States,,1943-06-23,1943,,,,,,,,,United States,,,False,5.02483379944341,76,72543,4.56011767457089,58.6525340799116,18,18,72,72,1308,1308,5,5,,,,,,,32433
q15737800,41995116,Jan_Koum,Jan Koum,COMPUTER SCIENTIST,3.7852231455582,M,jankoum,True,25,18.8672810351784,,,,,,,1976-02-24,1976,,,,,,,,,,,,False,5.64441989421441,43,135935,2.55964853174169,44.142682827267,106,106,114,114,,,,,,,,,,,41995116
q11755,2179138,Daphne_Koller,Daphne Koller,COMPUTER SCIENTIST,4.33894132633011,,,True,22,14.6435020437844,,,,,,,1968-08-27,1968,,,,,,,,,,,,False,2.36914707965846,51,6767,3.64978655169545,30.0872930904314,179,179,498,498,,,,,,,,,,,2179138
q92824,699964,Judea_Pearl,Judea Pearl,COMPUTER SCIENTIST,2.27828385393526,M,,True,22,19.8717975020615,Tel Aviv,32.06666667,34.78333333,31453,Israel,,,1936,,,,,,,,,,,,False,2.88179179328265,83,15079,3.44075164499746,47.4853933402648,84,84,254,254,198,198,20,20,,,,,,,699964
q7439,3434143,Richard_Stallman,Richard Stallman,COMPUTER SCIENTIST,0,M,,True,103,25.5147541473617,New York City,40.661,-73.944,645042,United States,,1953-03-16,1953,,,,,,,,,United States,,,False,9.19711795042489,66,190187,5.05533592295335,66.2633538063222,4,4,6,6,414,414,29,29,,,,,,,3434143
q92609,11652,Fred_Brooks,Fred Brooks,COMPUTER SCIENTIST,0,M,,True,33,21.2486781456372,"Durham, North Carolina",35.98861111,-78.90722222,150834,United States,,1931-04-19,1931,,,,,,,,,,,,False,4.6124770762029,88,10920,3.78079428083938,52.0672131054543,46,46,166,166,2854,2854,1,1,,,,,,,11652
q93161,174051,Edwin_Catmull,Edwin Catmull,COMPUTER SCIENTIST,4.54615736245697,M,,True,21,20.2858214290526,"Parkersburg, West Virginia",39.26611111,-81.54222222,6058,United States,,1945-03-31,1945,,,,,,,,,,,,False,4.03552542162064,74,25166,2.94901820731958,48.8631329582922,68,68,219,219,3916,3916,1,1,,,,,,,174051
q382148,1566254,Geir_Ivarsøy,Geir Ivarsøy,COMPUTER SCIENTIST,1.02917210349886,M,,False,19,18.0069009190369,Norway,61,8,21241,Norway,,1957-06-27,1957,Oslo,59.91666667,10.73333333,22309,Norway,,2006-03-09,2006,Norway,,,False,7.45835912735079,62,3045,1.91363053683017,41.2796121318468,130,130,295,295,286,286,34,34,246,246,167,167,85,85,1566254
q75778,16003,Joseph_Weizenbaum,Joseph Weizenbaum,COMPUTER SCIENTIST,2.44697892789774,M,,False,19,21.1349639347206,Berlin,52.51666667,13.38888889,3354,Germany,,1923-01-08,1923,Ludwigsfelde,52.29972222,13.26666667,4181949,Germany,,2008-03-05,2008,Germany,,,False,4.85319542550791,96,14888,2.25687417960559,51.6888084691546,51,51,141,141,2139,2139,173,173,108,108,1826,1826,1,1,16003
q11428,5178038,Jean_Bartik,Jean Bartik,COMPUTER SCIENTIST,1.36947071980005,,,False,22,19.6812134620433,"Gentry County, Missouri",40.22,-94.41,94647,United States,,1924-12-27,1924,"Poughkeepsie, New York",41.7,-73.93,259757,United States,,2011-03-23,2011,,,,False,4.03204810529892,95,5007,2.98303245159909,46.8511904225614,89,89,222,222,4716,4716,1,1,212,212,3366,3366,5,5,5178038
q62877,301380,James_H._Wilkinson,James H. Wilkinson,COMPUTER SCIENTIST,2.04105583511373,M,,False,26,20.146776067627,Strood,51.393,0.478,17867,United Kingdom,,1919-09-27,1919,Teddington,51.424,-0.332,24399437,United Kingdom,,1986-10-05,1986,,,,False,5.33450151957036,100,3116,2.95660425698082,48.4004343299033,75,75,153,153,2358,2358,1,1,127,127,1703,1703,4,4,301380
q517764,21870626,Rob_Pike,Rob Pike,COMPUTER SCIENTIST,30.8006963778579,M,,True,20,17.7778133080748,Canada,60,-95,5042916,Canada,,1956-01-01,1956,,,,,,,,,,,,False,3.32662305365238,63,15293,3.05370946610777,40.5172816068563,136,136,311,311,406,406,1,1,,,,,,,21870626
q92602,39434,Tony_Hoare,Tony Hoare,COMPUTER SCIENTIST,0,M,,True,39,21.7225949599776,Colombo,6.93444444,79.84277778,56636,Sri Lanka,,1934-01-11,1934,,,,,,,,,Ceylon - United Kingdom,,,False,3.69377893300778,85,23180,4.36478523926194,53.6442571558095,37,37,123,123,8,8,2,2,,,,,,,39434
q92740,100623,Jef_Raskin,Jef Raskin,COMPUTER SCIENTIST,2.04717788981712,M,,False,24,21.8101138639794,New York City,40.7127,-74.0059,645042,United States,,1943-03-09,1943,"Pacifica, California",37.62277778,-122.48555556,108118,United States,,2005-02-26,2005,,,,False,5.6906577412854,76,28459,2.4690388919902,53.9354921630373,34,34,142,142,2320,2320,206,206,83,83,1810,1810,1,1,100623
q432639,26451820,David_Karp,David Karp,COMPUTER SCIENTIST,3.4173878343091,M,davidkarp,True,22,13.6865330731753,New York City,40.7127,-74.0059,645042,United States,,,1986,,,,,,,,,,,,False,3.53912248659792,33,13583,3.27749957044371,26.9028054845756,184,184,633,633,11020,11020,865,865,,,,,,,26451820
q92854,437550,John_L._Hennessy,John L. Hennessy,COMPUTER SCIENTIST,1.26861021352738,M,,True,22,18.6824324254972,,,,,,,1952-09-22,1952,,,,,,,,,,,,False,3.42010562041327,67,18668,3.32545348421057,43.5275655929908,113,113,309,309,,,,,,,,,,,437550
q92738,16708,Kent_Beck,Kent Beck,COMPUTER SCIENTIST,1.88635422556761,M,KentBeck,True,23,17.8999218476496,United States,40,-100,,United States,,1961-03-31,1961,,,,,,,,,,,,False,4.43599162699407,58,14119,2.95895490314616,40.9236198924096,132,132,278,278,7170,7170,25,25,,,,,,,16708
q92984,5648968,Luis_von_Ahn,Luis von Ahn,COMPUTER SCIENTIST,5.32083521338181,M,luisvonahn,True,23,16.0738109854907,Guatemala City,14.61333333,-90.53527778,12893,Guatemala,,1978-08-19,1978,,,,,,,,,,,,False,3.3297148590103,41,41345,2.81914477488164,34.8469051962552,169,169,316,316,29,29,18,18,,,,,,,5648968
q92597,17519,Larry_Wall,Larry Wall,COMPUTER SCIENTIST,0,M,,True,38,20.6595423249342,Los Angeles,34.05,-118.25,18110,United States,,1954-09-27,1954,,,,,,,,,,,,False,6.08477766946308,65,19742,3.50397452436542,50.106756939357,57,57,111,111,3464,3464,101,101,,,,,,,17519
q93038,1002038,Robert_Taylor_(computer_scientist),Robert Taylor,COMPUTER SCIENTIST,4.53662653116233,M,,False,20,19.3650685904983,Dallas,32.77916667,-96.80888889,53838,United States,,1932-02-10,1932,,,,,,,2017-04-13,2017,United States,,,False,3.62507052290329,87,5931,3.0391057221484,45.799161092447,94,94,269,269,5181,5181,27,27,293,293,,,,,1002038
q188954,9469,Eric_S._Raymond,Eric S. Raymond,COMPUTER SCIENTIST,0,M,esrtweet,True,35,19.9737804305948,Boston,42.35805556,-71.06361111,24437894,United States,,1957-12-04,1957,,,,,,,,,United States,,,False,5.5337907269988,62,21887,3.59451153817527,47.8247600092973,81,81,119,119,4281,4281,75,75,,,,,,,9469
q369617,156282,Jon_Lech_Johansen,Jon Lech Johansen,COMPUTER SCIENTIST,2.66776321362477,M,jonlech,True,17,14.8209732143041,Harstad,68.8,16.54583333,178590,Norway,,1983-11-18,1983,,,,,,,,,Norway,,,False,3.8719789769185,36,27622,2.3733804520174,30.6778605594657,178,178,420,420,431,431,2,2,,,,,,,156282
q320624,57314,Adi_Shamir,Adi Shamir,COMPUTER SCIENTIST,4.23166553811122,M,,True,31,20.1548523874783,Tel Aviv,32.06666667,34.78333333,31453,Israel,,1952-07-06,1952,,,,,,,,,,,,False,4.9970165159905,67,19944,3.45399771094999,48.4273097472441,74,74,179,179,194,194,18,18,,,,,,,57314
q92638,46127,Robert_Tarjan,Robert Tarjan,COMPUTER SCIENTIST,4.90505003328906,M,,True,25,18.040203933773,"Pomona, California",34.06083333,-117.75583333,18110,United States,,1948-04-30,1948,,,,,,,,,,,,False,3.24990740097114,71,5420,3.67857473909856,41.3904339462649,129,129,385,385,6991,6991,3,3,,,,,,,46127
q49245,5292366,Marlyn_Meltzer,Marlyn Meltzer,COMPUTER SCIENTIST,1.39440435614781,F,,False,15,17.9199820350835,,,,,,,,,,,,,,,2008-12-07,2008,,,,False,3.30853781486609,97,1898,2.09100216411919,40.9903738000248,131,131,,,,,,,233,233,,,,,5292366
q92803,562205,Grady_Booch,Grady Booch,COMPUTER SCIENTIST,2.34856198060409,M,,True,17,17.6123945260138,Texas,31,-100,,United States,,1955-02-27,1955,,,,,,,,,,,,False,4.05697656033163,64,8632,2.50462665191882,39.966820643724,143,143,320,320,7544,7544,6,6,,,,,,,562205
q372584,162285,Pierre_Bézier,Pierre Bézier,COMPUTER SCIENTIST,1.87146614622229,M,,False,19,21.798575040077,Paris,48.8567,2.3508,22989,France,,1910-09-01,1910,Bures-sur-Yvette,48.6969,2.1639,1017816,France,,1999-11-25,1999,France,,,False,6.71403533711276,109,10845,1.77580675120242,53.8970946362292,36,36,87,87,2072,2072,478,478,71,71,2166,2166,2,2,162285
q13520818,3361346,Magnus_Manske,Magnus Manske,COMPUTER SCIENTIST,1.18205777827177,M,MagnusManske,True,19,13.3837680176464,,,,,,,1974-05-24,1974,,,,,,,,,,,,False,2.83046868649931,45,3660,3.19676556703077,25.8952999160258,185,185,612,612,,,,,,,,,,,3361346
q719413,2288999,David_Heinemeier_Hansson,David Heinemeier Hansson,COMPUTER SCIENTIST,3.10273627890226,M,dhh,True,16,13.9925445546244,Copenhagen,55.67611111,12.56833333,13014,Denmark,,1979-10-15,1979,,,,,,,,,Denmark,,,False,3.31261286984008,40,12078,2.74069725720162,27.921114123469,183,183,648,648,535,535,157,157,,,,,,,2288999
q319269,268957,Richard_Garriott,Richard Garriott,COMPUTER SCIENTIST,1.36338249479521,M,RichardGarriott,True,26,18.4379609109275,Cambridge,52.205,0.119,17867,United Kingdom,,1961-07-04,1961,,,,,,,,,,,,False,3.68550462515556,58,30738,3.31776886718334,42.7140423419322,121,121,221,221,3357,3357,21,21,,,,,,,268957
q74894,20286,Martin_Fowler_(software_engineer),Martin Fowler,COMPUTER SCIENTIST,1.80592596844134,M,martinfowler,True,17,17.4719185092454,Walsall,52.58,-1.98,258943,United Kingdom,,1963-01-01,1963,,,,,,,,,United Kingdom,,,False,4.00210956917335,56,24298,2.63788692665587,39.499361250517,147,147,342,342,3782,3782,2,2,,,,,,,20286
q93052,434212,Robert_Fano,Robert Fano,COMPUTER SCIENTIST,36.1457928111774,M,,False,16,18.839396602416,Turin,45.07916667,7.67611111,19450529,Italy,,1917-11-11,1917,"Naples, Florida",26.15,-81.8,109132,United States,,2016-07-13,2016,Italy,,,False,4.53101409892328,102,2255,2.19194728429872,44.0498923259496,107,107,189,189,2648,2648,72,72,302,302,4000,4000,5,5,434212
q92828,1775773,Charles_P._Thacker,Charles P. Thacker,COMPUTER SCIENTIST,1.76675292151336,M,,False,20,18.709663574143,"Pasadena, California",34.15611111,-118.13194444,92408,United States,,1943-02-26,1943,"Palo Alto, California",37.42916667,-122.13805556,53445,United States,,2017-06-12,2017,,,,False,4.64706128201848,76,3087,2.75437299613787,43.6181821730671,112,112,357,357,6081,6081,9,9,338,338,4072,4072,17,17,1775773
q11431,37344121,Evelyn_Berezin,Evelyn Berezin,COMPUTER SCIENTIST,2.32036142604878,F,,False,15,18.9288480368324,,,,,,,1925-04-12,1925,Manhattan,40.78333333,-73.96666667,45470,United States,,2018-12-08,2018,,,,False,3.61950672004822,94,4235,1.99045031293139,44.347558178212,104,104,280,280,,,,,288,288,3944,3944,108,108,37344121
q370071,68338,Peter_Shor,Peter Shor,COMPUTER SCIENTIST,3.64072745161112,M,,True,21,17.1832254352745,New York City,40.7127,-74.0059,645042,United States,,1959-08-14,1959,,,,,,,,,,,,False,3.75410648641282,60,9281,3.12892634310669,38.5386827497589,153,153,337,337,8089,8089,694,694,,,,,,,68338
q62866,78122,Ivan_Sutherland,Ivan Sutherland,COMPUTER SCIENTIST,6.09074879397774,M,,True,34,22.3485739524137,"Hastings, Nebraska",40.58916667,-98.39166667,123665,United States,,1938-05-16,1938,,,,,,,,,United States,,,False,5.85962204087721,81,18017,3.35118274121678,55.7273156500368,24,24,108,108,1877,1877,1,1,,,,,,,78122
q92628,305842,Juris_Hartmanis,Juris Hartmanis,COMPUTER SCIENTIST,6.34811525834025,M,,True,31,20.1816933933191,Riga,56.94888889,24.10638889,25508,Latvia,,1928-07-05,1928,,,,,,,,,Latvia,,,False,5.59682168345891,91,2559,3.42790035416488,48.516628056462,72,72,265,265,77,77,30,30,,,,,,,305842
q1107006,23370128,Ken_Thompson,Ken Thompson,COMPUTER SCIENTIST,0,M,,True,53,23.2729029139439,New Orleans,29.95,-90.08,53842,United States,,1943-02-04,1943,,,,,,,,,United States,,,False,5.12419577300309,76,59391,4.71849470047869,58.8031877129035,17,17,70,70,1275,1275,7,7,,,,,,,23370128
q34253,17618,Linus_Torvalds,Linus Torvalds,COMPUTER SCIENTIST,0,M,,True,114,23.8927238947101,Helsinki,60.17083333,24.9375,13696,Finland,,1969-12-28,1969,,,,,,,,,,,,False,9.25586166074256,50,288077,5.32865184597591,60.865754307767,12,12,14,14,31,31,7,7,,,,,,,17618
q22915129,48583314,Dorothy_Vaughan,Dorothy Vaughan,COMPUTER SCIENTIST,1.30657056001009,F,,False,20,22.5073900839031,"Kansas City, Missouri",39.09972222,-94.57833333,17454,United States,,1910-09-20,1910,"Hampton, Virginia",37.034946,-76.360126,91310,United States,,2008-11-10,2008,United States,,,False,3.66127027125027,109,105126,2.79184270901776,56.2558050973133,23,23,64,64,1770,1770,5,5,66,66,1449,1449,1,1,48583314
q298341,25984,Ray_Kurzweil,Ray Kurzweil,COMPUTER SCIENTIST,0,M,,True,40,23.4196875872343,Queens,40.75,-73.86666667,45579,United States,,1948-02-12,1948,,,,,,,,,United States,,,False,6.35499247717692,71,112996,3.46091851753941,59.2916403035085,15,15,45,45,1192,1192,10,10,,,,,,,25984
q92639,3509428,Christos_Papadimitriou,Christos Papadimitriou,COMPUTER SCIENTIST,17.8522305347814,M,,True,18,18.0451629267794,Athens,37.98397222,23.72780556,1216,Greece,,1949-08-16,1949,,,,,,,,,Greece,,,False,3.37315710006988,70,8422,2.7746454346447,41.4069358938214,128,128,415,415,592,592,123,123,,,,,,,3509428
q17457,8095,Donald_Knuth,Donald Knuth,COMPUTER SCIENTIST,0,M,,True,70,25.1141020852141,Milwaukee,43.05,-87.95,53117,United States,,1938-01-10,1938,,,,,,,,,,,,False,6.23604097392526,81,88500,4.97418866432262,64.9301114908922,6,6,30,30,525,525,3,3,,,,,,,8095
q92643,93547,Robin_Milner,Robin Milner,COMPUTER SCIENTIST,1.45292026804906,M,,False,26,19.8867940630701,Yealmpton,50.342,-3.997,1081383,United Kingdom,,1934-01-13,1934,Cambridge,52.20527778,0.11916667,36995,United Kingdom,,2010-03-20,2010,,,,False,4.58734558649541,85,4056,3.28264707737256,47.535297113667,83,83,227,227,2516,2516,1,1,191,191,1790,1790,69,69,93547
q45575,8218,Dennis_Ritchie,Dennis Ritchie,COMPUTER SCIENTIST,0,M,,False,78,25.2181137911029,"Bronxville, New York",40.94,-73.82611111,127546,United States,,1941-09-09,1941,"Berkeley Heights, New Jersey",40.676393,-74.425027,125774,United States,,2011-10-12,2011,United States,,,False,6.32599887633605,78,108391,5.3166382989737,65.2762292840908,5,5,27,27,499,499,3,3,20,20,448,448,1,1,8218
q93154,3006751,Leslie_Valiant,Leslie Valiant,COMPUTER SCIENTIST,8.61405754095484,M,,True,21,17.6297192445042,Budapest,47.4925,19.05138889,36787,Hungary,,,1949,,,,,,,,,,,,False,3.63890313886884,70,4040,3.19418417806488,40.0244717828958,141,141,440,440,403,403,188,188,,,,,,,3006751
q92604,21642,Niklaus_Wirth,Niklaus Wirth,COMPUTER SCIENTIST,0,M,,True,47,24.3689304674123,Winterthur,47.49888889,8.72861111,502113,Switzerland,,1934-02-15,1934,,,,,,,,,Switzerland,,,False,7.10503863895058,85,45230,3.24522428921299,62.4504179438639,10,10,39,39,71,71,2,2,,,,,,,21642
q92649,308365,Amir_Pnueli,Amir Pnueli,COMPUTER SCIENTIST,4.07381567819844,M,,False,24,20.1369375543121,Nahalal,32.69,35.19666667,2758340,Israel,,,1941,New York (state),43,-75,8210131,United States,,2009-11-02,2009,,,,False,6.0428197845258,78,3967,2.70574731490215,48.3676948945885,76,76,249,249,195,195,2,2,151,151,2977,2977,1,1,308365
q350582,201373,Adam_Osborne,Adam Osborne,COMPUTER SCIENTIST,1.41009726786605,M,,False,16,20.0685975002961,,,,,,,,,Kodaikanal,10.23,77.48,1458433,,,2003-03-18,2003,,,,False,4.2040526271107,80,10086,2.07206467315126,48.140280984962,78,78,,,,,,,156,156,,,1,1,201373
q62886,354418,Peter_Norton,Peter Norton,COMPUTER SCIENTIST,1.04792656038503,M,,True,18,19.3542031805283,"Aberdeen, Washington",46.97583333,-123.81861111,137935,United States,,1943-11-14,1943,,,,,,,,,,,,False,3.76366825192134,76,11168,2.77902481015312,45.7630044724889,95,95,319,319,5201,5201,4,4,,,,,,,354418
q11483,216296,Anita_Borg,Anita Borg,COMPUTER SCIENTIST,1.56996699057395,F,,False,26,17.552520234944,Chicago,41.88444444,-87.6325,6886,United States,,1949-01-17,1949,"Sonoma, California",38.28888889,-122.45888889,108244,United States,,2003-04-06,2003,United States,,,False,3.31888951057077,70,3403,3.70612741678755,39.767578093885,145,145,443,443,7621,7621,258,258,218,218,4698,4698,2,2,216296
q55123,18951013,Alan_Cox,Alan Cox,COMPUTER SCIENTIST,6.18137092710128,M,,True,26,17.429698506459,Solihull,52.413,-1.778,13882056,United Kingdom,,1968-07-22,1968,,,,,,,,,,,,False,5.96450973894599,51,9596,2.82487068871159,39.3588665430378,148,148,271,271,3796,3796,3,3,,,,,,,18951013
q92748,34384,Yukihiro_Matsumoto,Yukihiro Matsumoto,COMPUTER SCIENTIST,7.10733457997647,M,yukihiro_matz,True,29,18.9803669242374,Osaka Prefecture,34.68638889,135.52,179750,Japan,,1965-04-14,1965,,,,,,,,,Japan,,,False,4.76245319165794,54,38737,2.90881215939689,44.5189966087646,101,101,165,165,913,913,4,4,,,,,,,34384
q92635,1553013,Jacques_Vallée,Jacques Vallée,COMPUTER SCIENTIST,4.52966216850856,M,,True,17,20.4778554959757,Pontoise,49.0516,2.1017,22989,France,,1939-09-24,1939,,,,,,,,,,,,False,4.0534311364625,80,17277,2.47389563667332,49.5021611031957,60,60,209,209,2743,2743,5,5,,,,,,,1553013
q49828,13004078,Randy_Pausch,Randy Pausch,COMPUTER SCIENTIST,0,M,,False,30,18.5396125761015,Baltimore,39.28333333,-76.61666667,26997138,United States,,1960-10-23,1960,"Chesapeake, Virginia",36.767398,-76.287405,91342,United States,,2008-07-25,2008,United States,,,False,3.42520463014993,59,30723,3.95188619462592,43.0523066721278,118,118,219,219,6317,6317,49,49,212,212,4186,4186,1,1,13004078
q18950,356270,Theo_de_Raadt,Theo de Raadt,COMPUTER SCIENTIST,1.04298354056214,M,,True,24,16.4254112634819,Pretoria,-25.74611111,28.18805556,25002,South Africa,,1968-05-19,1968,,,,,,,,,South Africa,,,False,4.42128626514359,51,8128,3.05824299358401,36.0169188141116,166,166,360,360,134,134,12,12,,,,,,,356270
q92884,25849,Ralph_Merkle,Ralph Merkle,COMPUTER SCIENTIST,2.15540766818905,M,,True,17,17.1756108360356,"Berkeley, California",37.87166667,-122.27277778,4860,United States,,1952-02-02,1952,,,,,,,,,,,,False,3.36348006805499,67,6003,2.78661449282347,38.5133437913971,154,154,399,399,8100,8100,23,23,,,,,,,25849
q2634274,784558,Steve_Russell_(computer_scientist),Steve Russell,COMPUTER SCIENTIST,1.13441506596625,M,,True,16,18.0467522841315,,,,,,,,,,,,,,,,,,,,False,2.81449471206312,82,4009,2.83789837520645,41.4122247683249,127,127,,,,,,,,,,,,,784558
q92744,72741,Kristen_Nygaard,Kristen Nygaard,COMPUTER SCIENTIST,31.5882868201139,M,,False,28,21.2857560281242,Oslo,59.95,10.75,22309,Norway,,1926-08-27,1926,Oslo,59.91666667,10.73333333,22309,Norway,,2002-08-10,2002,,,,False,6.50453447848435,93,5860,2.91286278313283,52.1905964761358,44,44,154,154,139,139,26,26,100,100,94,94,36,36,72741
q80,30034,Tim_Berners-Lee,Tim Berners-Lee,COMPUTER SCIENTIST,0,M,timberners_lee,True,127,26.4674989465318,London,51.50722222,-0.1275,17867,United Kingdom,,1955-06-08,1955,,,,,,,,,United Kingdom,,,False,8.82216465517632,64,555160,6.06431381310038,69.4337847165008,3,3,7,7,203,203,13,13,,,,,,,30034
q439245,287300,Allen_Newell,Allen Newell,COMPUTER SCIENTIST,3.3252654375971,M,,False,26,21.2930851257887,San Francisco,37.78333333,-122.41666667,49728,United States,,1927-03-19,1927,Pittsburgh,40.45,-80,25101,United States,,1992-07-19,1992,,,,False,5.31169421576906,92,10669,3.00358999700753,52.2149853762898,43,43,131,131,2809,2809,39,39,94,94,2147,2147,6,6,287300
q92641,301900,Robert_W._Floyd,Robert W. Floyd,COMPUTER SCIENTIST,1.42852098337174,M,,False,26,20.9012739690367,New York City,40.661,-73.944,645042,United States,,1936-06-08,1936,"Stanford, California",37.4225,-122.16527778,108166,United States,,2001-09-25,2001,United States,,,False,5.46775687005662,83,6852,2.80799748239615,50.9111627751047,55,55,182,182,3202,3202,277,277,102,102,2417,2417,14,14,301900
q92745,64188,Ole-Johan_Dahl,Ole-Johan Dahl,COMPUTER SCIENTIST,1.322980984326,M,,False,32,21.8005041567476,"Mandal, Norway",58.04583333,7.49555556,,Norway,,1931-10-12,1931,Asker,59.83527778,10.435,177977,Norway,,2002-06-29,2002,,,,False,7.52739905292831,88,5908,2.95011821819598,53.9035141214126,35,35,128,128,117,117,1,1,84,84,74,74,2,2,64188
q7251,1208,Alan_Turing,Alan Turing,COMPUTER SCIENTIST,0,M,,False,140,30.1620378522892,Maida Vale,51.5274,-0.1899,17867,United Kingdom,,1912-06-23,1912,Wilmslow,53.325,-2.239,907036,United Kingdom,,1954-06-07,1954,,,,False,8.12435661916474,107,2053251,6.15120817816773,81.7280321958616,1,1,2,2,24,24,1,1,3,3,26,26,1,1,1208
q455938,23486,Phil_Zimmermann,Phil Zimmermann,COMPUTER SCIENTIST,5.96137156825966,M,,True,18,18.3639603994574,"Camden, New Jersey",39.94,-75.105,102775,United States,,1954-02-12,1954,,,,,,,,,United States,,,False,4.30593474817608,65,13016,2.57768101154483,42.4677922347279,125,125,282,282,6548,6548,3,3,,,,,,,23486
q49823,161875,Dana_Scott,Dana Scott,COMPUTER SCIENTIST,2.59976708302133,M,,True,31,20.2702535979062,"Berkeley, California",37.87166667,-122.27277778,4860,United States,,1932-10-11,1932,,,,,,,,,,,,False,4.36124022493011,87,5214,3.75770386936087,48.8113281800198,69,69,222,222,3936,3936,14,14,,,,,,,161875
q92742,1449,Alan_Kay,Alan Kay,COMPUTER SCIENTIST,7.21180342504421,M,,True,35,23.0525314197861,"Springfield, Massachusetts",42.10138889,-72.59027778,92402,United States,,1940-05-17,1940,,,,,,,,,United States,,,False,5.53435480313941,79,44345,3.34263796241741,58.0698616455149,19,19,88,88,1406,1406,5,5,,,,,,,1449
q310798,52469,Stephen_Wolfram,Stephen Wolfram,COMPUTER SCIENTIST,0,M,stephen_wolfram,True,38,18.8369781591867,London,51.50722222,-0.1275,17867,United Kingdom,,1959-08-29,1959,,,,,,,,,,,,False,3.29354234483246,60,28502,4.63342515787883,44.041844518,108,108,201,201,3141,3141,324,324,,,,,,,52469
q92847,1924307,Abraham_Lempel,Abraham Lempel,COMPUTER SCIENTIST,2.41948040681894,M,,True,16,18.078325904816,Lviv,49.83,24.01416667,49968,Ukraine,,,,,,,,,,,,,,,False,3.9310727814006,83,1732,2.3378414969332,41.5172917107541,126,126,,,551,551,34,34,,,,,,,1924307
q92832,566666,Peter_Norvig,Peter Norvig,COMPUTER SCIENTIST,1.43096179696151,M,,True,15,15.5901964956786,,,,,,,1956-12-14,1956,,,,,,,,,,,,False,2.42058042143348,63,5439,2.88322389958804,33.2375903740215,172,172,426,426,,,,,,,,,,,566666
q92792,1047595,Blake_Ross,Blake Ross,COMPUTER SCIENTIST,1.22769753316011,M,BlakeRoss,True,16,11.3072541943199,Miami,25.77527778,-80.20888889,53846,United States,,1985-06-12,1985,,,,,,,,,,,,False,2.57632057924989,34,3583,3.02931004605998,18.985324005769,186,186,995,995,11921,11921,63,63,,,,,,,1047595
q92758,21888796,Michael_Stonebraker,Michael Stonebraker,COMPUTER SCIENTIST,2.5854197212029,M,,True,18,18.7827402828649,,,,,,,1943-10-11,1943,,,,,,,,,,,,False,3.41553828318044,76,7926,2.87640419589004,43.8613581592784,109,109,349,349,,,,,,,,,,,21888796
q510591,473287,Warren_Weaver,Warren Weaver,COMPUTER SCIENTIST,1.0448692459966,M,,False,17,21.0754117248232,"Reedsburg, Wisconsin",43.53388889,-90.00277778,260673,United States,,,1894,"New Milford, Connecticut",41.57694444,-73.40833333,669680,United States,,1978-11-24,1978,,,,False,5.27857748555042,125,10627,1.95888142460998,51.4906377027617,52,52,100,100,3011,3011,1,1,87,87,2288,2288,3,3,473287
q318489,265666,Bram_Cohen,Bram Cohen,COMPUTER SCIENTIST,14.052707701549,M,,True,28,16.7653656163291,New York City,40.661,-73.944,645042,United States,,1975-10-12,1975,,,,,,,,,United States,,,False,5.45302234727316,44,14300,2.97164020449229,37.148178506377,160,160,229,229,8531,8531,728,728,,,,,,,265666
q92627,12740,Gary_Kildall,Gary Kildall,COMPUTER SCIENTIST,4.70147024746814,M,,False,24,20.0612747057255,Seattle,47.60972222,-122.33305556,11388236,United States,,1942-05-19,1942,"Monterey, California",36.60305556,-121.89361111,40444,United States,,1994-07-11,1994,,,,False,3.38164492483116,77,17096,3.44371397486094,48.1159130594947,79,79,268,268,4185,4185,18,18,159,159,3048,3048,3,3,12740
q578036,68057,Ron_Rivest,Ron Rivest,COMPUTER SCIENTIST,13.6115325056956,M,,True,32,20.621000884973,"Schenectady, New York",42.81416667,-73.93722222,55412,United States,,1947-05-06,1947,,,,,,,,,,,,False,4.95070108899816,72,16151,3.61188237141531,49.9785033160547,58,58,209,209,3513,3513,2,2,,,,,,,68057
q11752,36354629,Mary_Kenneth_Keller,Mary Kenneth Keller,COMPUTER SCIENTIST,7.58429709483145,F,,False,17,19.6550833357691,,,,,,,1913-12-17,1913,"Dubuque, Iowa",42.5,-90.69,60796,United States,,1985-01-10,1985,,,,False,3.86780606058381,106,6361,2.3131710452963,46.764237693878,90,90,182,182,,,,,131,131,3387,3387,1,1,36354629
q526166,453275,Andy_Hertzfeld,Andy Hertzfeld,COMPUTER SCIENTIST,2.33036506315665,M,,True,16,17.1893694664697,Philadelphia,39.95277778,-75.16361111,50585,United States,,1953-04-06,1953,,,,,,,,,United States,,,True,2.50508169948571,66,15564,3.05678456865006,38.55912812656,152,152,351,351,8081,8081,163,163,,,,,,,453275
q16197959,41729424,Vitalik_Buterin,Vitalik Buterin,COMPUTER SCIENTIST,5.93901921219485,M,VitalikButerin,True,20,16.7659820295362,Kolomna,55.08333333,38.78333333,372327,Russia,,1994-01-31,1994,,,,,,,,,,,,False,10.1014686714503,25,57345,1.2899625666336,37.1502297329875,159,159,63,63,1560,1560,2,2,,,,,,,41729424
q7449,77934,Kevin_Mitnick,Kevin Mitnick,COMPUTER SCIENTIST,0,M,,True,45,21.8361163199513,Los Angeles,34.05,-118.25,18110,United States,,1963-08-06,1963,,,,,,,,,United States,,,False,6.40848141843946,56,151411,3.75798933301592,54.0220200456619,33,33,57,57,2296,2296,61,61,,,,,,,77934
q92600,3017,Alexey_Pajitnov,Alexey Pajitnov,COMPUTER SCIENTIST,0,M,,True,36,21.2429982481461,Moscow,55.75,37.61666667,19004,Russia,,1956-03-14,1956,,,,,,,,,Soviet Union,,,False,4.83114041896591,63,81777,3.48893315326629,52.0483122176319,47,47,83,83,798,798,138,138,,,,,,,3017
q7558,4236111,Radia_Perlman,Radia Perlman,COMPUTER SCIENTIST,6.35588278359407,F,,True,20,18.4624933004568,,,,,,,1951-01-01,1951,,,,,,,,,,,,False,3.79338739945353,68,11266,2.91178435142877,42.7956783121648,120,120,314,314,,,,,,,,,,,4236111
q92763,290393,Jay_Wright_Forrester,Jay Wright Forrester,COMPUTER SCIENTIST,2.14905398700612,M,,False,25,21.267989993861,"Anselmo, Nebraska",41.61888889,-99.86416667,123827,United States,,1918-07-14,1918,"Concord, Massachusetts",42.46027778,-71.34944444,116838,United States,,2016-11-16,2016,,,,False,5.25951684396408,101,9796,2.74196591639872,52.1314767787849,45,45,109,109,2835,2835,1,1,155,155,2165,2165,4,4,290393
q30942,226402,Guido_van_Rossum,Guido van Rossum,COMPUTER SCIENTIST,0,M,gvanrossum,True,38,21.5677919448774,Haarlem,52.38333333,4.63333333,63278,Netherlands,,1956-01-31,1956,,,,,,,,,Netherlands,,,False,5.23591354262824,63,93312,3.7652226785426,53.1291220802993,38,38,70,70,308,308,16,16,,,,,,,226402
q335039,77245,Nolan_Bushnell,Nolan Bushnell,COMPUTER SCIENTIST,1.01116202840524,M,nolanbushnell,True,31,20.5936032126136,"Clearfield, Utah",41.10638889,-112.02416667,136968,United States,,,1943,,,,,,,,,,,,False,3.09127057147641,76,28143,4.05744423660277,49.8873325981553,59,59,211,211,3545,3545,1,1,,,,,,,77245
q49826,14072113,Andy_Rubin,Andy Rubin,COMPUTER SCIENTIST,1.77827590868591,M,,True,24,18.597129255333,"Chappaqua, New York",41.15888889,-73.77222222,127551,United States,,1963-03-13,1963,,,,,,,,,,,,False,4.20477396516989,56,41443,3.21289117979994,43.2437038414907,116,116,239,239,6235,6235,1,1,,,,,,,14072113
q92767,201155,Lotfi_A._Zadeh,Lotfi A. Zadeh,COMPUTER SCIENTIST,1.02064713220391,M,,False,33,24.5231410967479,Baku,40.39527778,49.88222222,4566,Azerbaijan,,1921-02-04,1921,"Berkeley, California",37.87166667,-122.27277778,4860,United States,,2017-09-06,2017,,,,False,7.72805201601188,98,58774,2.33590048380004,62.9635817484312,9,9,34,34,11,11,8,8,36,36,621,621,8,8,201155
q446839,2806149,Ed_Roberts_(computer_engineer),Ed Roberts,COMPUTER SCIENTIST,1.44945372687962,M,,False,18,18.7419375762126,Miami,25.77527778,-80.20888889,53846,United States,,1941-09-13,1941,"Cochran, Georgia",32.3867,-83.3506,,United States,,2010-04-01,2010,United States,,,False,3.71436560839412,78,4569,2.67238808881671,43.7255797614304,111,111,337,337,6042,6042,18,18,252,252,4052,4052,1,1,2806149
q1282289,1823156,Ed_Boon,Ed Boon,COMPUTER SCIENTIST,1.25845554965076,M,noobde,True,15,17.3286558606779,Chicago,41.88444444,-87.6325,6886,United States,,1964-02-22,1964,,,,,,,,,United States,,,False,3.14677444799761,55,49098,2.57913446749431,39.0226288351964,150,150,342,342,7906,7906,268,268,,,,,,,1823156
q470656,758909,Paul_G._Comba,Paul G. Comba,COMPUTER SCIENTIST,1.11921475269574,M,,False,17,19.2619338043305,United States,40,-100,,United States,,1926-01-01,1926,,,,,,,2017-04-04,2017,,,,False,6.61818413313174,93,1217,1.74692735348116,45.4559614084752,97,97,258,258,5335,5335,15,15,303,303,,,,,758909
q7637,33161,Ward_Cunningham,Ward Cunningham,COMPUTER SCIENTIST,0,M,WardCunningham,True,48,22.1060842368093,"Michigan City, Indiana",41.70944444,-86.88694444,112436,United States,,1949-05-26,1949,,,,,,,,,United States,,,False,6.17599182870394,70,31282,4.23378505077441,54.9203871940408,30,30,102,102,2059,2059,2,2,,,,,,,33161
q92945,88379,Brewster_Kahle,Brewster Kahle,COMPUTER SCIENTIST,2.35334716243076,M,brewster_kahle,True,17,16.7241864683806,New York City,40.661,-73.944,645042,United States,,1960-10-22,1960,,,,,,,,,United States,,,False,3.63001647157264,59,9254,2.63754163816425,37.0111474319228,161,161,384,384,8581,8581,732,732,,,,,,,88379
q92768,465672,Rasmus_Lerdorf,Rasmus Lerdorf,COMPUTER SCIENTIST,0,M,,True,40,19.6003037210071,Qeqertarsuaq,69.24722222,-53.53333333,1278705,Greenland,,1968-11-22,1968,,,,,,,,,,,,False,7.52532488081893,51,26261,3.32362499266272,46.5819486023601,91,91,117,117,4,4,1,1,,,,,,,465672
q62861,300462,Alan_Perlis,Alan Perlis,COMPUTER SCIENTIST,4.5809321262414,M,,False,33,21.315326099504,Pittsburgh,40.43972222,-79.97638889,25101,United States,,1922-04-01,1922,"New Haven, Connecticut",41.31,-72.92361111,53825,United States,,1990-02-07,1990,,,,False,5.44463492846543,97,7113,3.44383691922449,52.2889962453083,42,42,151,151,2788,2788,17,17,90,90,2135,2135,19,19,300462
q335552,20089715,Jack_Dorsey,Jack Dorsey,COMPUTER SCIENTIST,0,M,jack,True,35,17.4938751058413,St. Louis,38.62722222,-90.19777778,27687,United States,,1976-11-19,1976,,,,,,,,,,,,False,2.56375561713846,43,155116,4.66378961782062,39.5724258031553,146,146,198,198,7693,7693,59,59,,,,,,,20089715
q92636,42072,John_Ousterhout,John Ousterhout,COMPUTER SCIENTIST,5.55510393643961,M,,True,15,15.5748277780434,,,,,,,1954-10-15,1954,,,,,,,,,,,,False,2.95663900842475,65,2619,2.76242987341398,33.1864481820274,173,173,415,415,,,,,,,,,,,42072
q92626,308357,Manuel_Blum,Manuel Blum,COMPUTER SCIENTIST,1.03784262163416,M,,True,28,20.3207331046462,Caracas,10.5,-66.91666667,55289,Venezuela,,1938-04-26,1938,,,,,,,,,,,,False,4.03020412033923,81,7878,3.57178085534766,48.9793078831245,66,66,231,231,33,33,11,11,,,,,,,308357
q92622,51792,James_Gosling,James Gosling,COMPUTER SCIENTIST,0,M,,True,47,20.7690505707558,Calgary,51.05,-114.06666667,15895358,Canada,,1955-05-19,1955,,,,,,,,,,,,False,4.2679712498705,64,44590,4.6589342706939,50.4711654648873,56,56,107,107,154,154,1,1,,,,,,,51792
q476466,422387,Martin_Hellman,Martin Hellman,COMPUTER SCIENTIST,2.50996545369017,M,,True,28,20.4534517348637,New York City,40.7127,-75,645042,United States,,1945-10-02,1945,,,,,,,,,,,,False,5.3123297305344,74,10267,3.13439157919468,49.4209531673231,62,62,207,207,3700,3700,331,331,,,,,,,422387
q92830,276599,Subhash_Kak,Subhash Kak,COMPUTER SCIENTIST,0,M,,True,39,17.5672978797505,Srinagar,34.09,74.79,294148,India,,1947-03-26,1947,,,,,,,,,India - United Kingdom,,,False,2.36724955452465,72,3202,5.1540165235137,39.8167533839678,144,144,473,473,519,519,3,3,,,,,,,276599
q2142532,1283229,Eugene_Garfield,Eugene Garfield,COMPUTER SCIENTIST,1.12483733951107,M,,False,17,18.9494813848128,New York City,40.661,-73.944,645042,United States,,1925-09-16,1925,Philadelphia,39.95277778,-75.16361111,50585,United States,,2017-02-26,2017,United States,,,False,4.12024764693834,94,3233,2.47745555333582,44.4162193813741,103,103,278,278,5779,5779,498,498,326,326,3932,3932,47,47,1283229
q92618,58731,Peter_Naur,Peter Naur,COMPUTER SCIENTIST,0,M,,False,37,22.2195145021723,Frederiksberg,55.66666667,12.53333333,20528378,Denmark,,1928-10-25,1928,Herlev,55.731,12.424,20528481,Denmark,,2016-01-03,2016,Denmark,,,False,7.83360325715953,91,6669,3.24881081513039,55.297846950074,28,28,132,132,168,168,2,2,105,105,141,141,1,1,58731
q92994,1859085,Michael_Dertouzos,Michael Dertouzos,COMPUTER SCIENTIST,5.05992813149862,M,,False,16,18.640459063988,Athens,37.98397222,23.72780556,1216,Greece,,1936-11-05,1936,,,,,,,2001-08-27,2001,Greece,,,False,4.01457844208741,83,2961,2.37592091627629,43.3878916290407,115,115,306,306,582,582,122,122,187,187,,,,,1859085
q52559,5198632,Ruth_Teitelbaum,Ruth Teitelbaum,COMPUTER SCIENTIST,1.39440435614781,F,,False,18,19.4960307499505,Dallas,32.77916667,-96.80888889,53838,United States,,1924-01-01,1924,,,,,,,1986-08-09,1986,United States,,,False,4.96273705653081,95,3110,2.26128538059459,46.2349614019873,93,93,231,231,4984,4984,25,25,150,150,,,,,5198632
q1373397,98668,James_H._Clark,James H. Clark,COMPUTER SCIENTIST,2.62616466237541,M,,True,19,18.409349466098,"Plainview, Texas",34.19111111,-101.71888889,135973,United States,,1944-03-23,1944,,,,,,,,,,,,False,2.51473488287337,75,12197,3.39470852656132,42.6188325762621,123,123,387,387,6486,6486,1,1,,,,,,,98668
q92784,32317463,David_A._Huffman,David A. Huffman,COMPUTER SCIENTIST,3.33394461365429,M,,False,19,19.7811180872624,Ohio,40.5,-82.5,,United States,,,1925,"Santa Cruz, California",36.97194444,-122.02638889,81726,United States,,1999-10-07,1999,,,,False,4.15360077780012,94,5255,2.22540920465744,47.1836411608287,86,86,239,239,4569,4569,2,2,138,138,3287,3287,3,3,32317463
q92739,308362,John_McCarthy_(computer_scientist),John McCarthy,COMPUTER SCIENTIST,0,M,,False,48,24.1812258003088,Boston,42.35805556,-71.06361111,24437894,United States,,1927-09-04,1927,"Stanford, California",37.4225,-122.16527778,108166,United States,,2011-10-24,2011,,,,False,6.390560078486,92,51471,3.98037027271561,61.8257966611363,11,11,40,40,837,837,11,11,31,31,735,735,5,5,308362
q92653,3869,Bruce_Perens,Bruce Perens,COMPUTER SCIENTIST,7.70154094852255,M,,True,19,16.7064577806881,,,,,,,,1958,,,,,,,,,,,,False,2.40330626773887,69,5614,3.48473487300802,36.9521520120516,162,162,357,357,,,,,,,,,,,3869
q93080,1385119,Silvio_Micali,Silvio Micali,COMPUTER SCIENTIST,35.9500553807825,M,,True,18,17.3827104801024,Palermo,38.11666667,13.36666667,38881,Italy,,1954-10-13,1954,,,,,,,,,Italy,,,False,3.83418276457612,65,6146,2.57457973405441,39.202505373395,149,149,343,343,2821,2821,37,37,,,,,,,1385119
q11605,246513,Adele_Goldberg_(computer_scientist),Adele Goldberg,COMPUTER SCIENTIST,4.0187950797871,F,,True,16,17.0391354422052,Cleveland,41.48222222,-81.66972222,5951,United States,,1945-07-22,1945,,,,,,,,,United States,,,False,2.92379538966937,74,2986,2.74072857878487,38.059197195734,155,155,392,392,8262,8262,56,56,,,,,,,246513
q92629,259163,Kenneth_E._Iverson,Kenneth E. Iverson,COMPUTER SCIENTIST,6.20851135544498,M,,False,27,19.7263598058966,"Camrose, Alberta",53.01666667,-112.83333333,223485,Canada,,,1920,Toronto,43.74166667,-79.37333333,64646,Canada,,2004-10-19,2004,,,,False,3.94392478321663,99,4266,3.60664099149273,47.0014230600513,88,88,216,216,237,237,1,1,156,156,91,91,23,23,259163
q918650,249886,Leonard_Adleman,Leonard Adleman,COMPUTER SCIENTIST,22.055790632944,M,,True,28,20.266427628556,San Francisco,37.78333333,-122.41666667,49728,United States,,1945-12-31,1945,,,,,,,,,,,,False,4.86037612465642,74,10806,3.32941476618782,48.798596573928,70,70,220,220,3944,3944,54,54,,,,,,,249886
q92764,60904,Sergey_Brin,Sergey Brin,COMPUTER SCIENTIST,0,M,sergeybrinn,True,75,22.287374528974,Moscow,55.75,37.61666667,19004,Russia,,1973-08-21,1973,,,,,,,,,Soviet Union,,,False,6.28195722271497,46,475799,4.99030302532215,55.5236634821873,25,25,17,17,551,551,98,98,,,,,,,60904
q92652,350815,Hans_Reiser,Hans Reiser,COMPUTER SCIENTIST,3.41165174571792,M,,True,16,16.4392831241407,"Oakland, California",37.80444444,-122.27083333,49728,United States,,1963-12-19,1963,,,,,,,,,,,,False,3.11354249443162,56,17005,2.77973824326966,36.0630799433589,165,165,444,444,8884,8884,31,31,,,,,,,350815
q92621,3110,Andrew_S._Tanenbaum,Andrew S. Tanenbaum,COMPUTER SCIENTIST,0,M,,True,41,23.3850069851883,New York City,40.661,-73.944,645042,United States,,1944-03-16,1944,,,,,,,,,United States,,,False,7.47805838475199,75,38588,3.05319776181239,59.176234317765,16,16,65,65,1212,1212,104,104,,,,,,,3110
q92647,230339,Robert_Tappan_Morris,Robert Tappan Morris,COMPUTER SCIENTIST,10.6990315666308,M,,True,24,17.843645614559,Massachusetts,42.3,-71.8,1645518,United States,,1965-11-08,1965,,,,,,,,,,,,False,4.58634285668929,54,20259,3.0114632853369,40.7363505322892,135,135,261,261,7241,7241,1,1,,,,,,,230339
q712546,216672,John_Draper,John Draper,COMPUTER SCIENTIST,3.84841331605713,M,,True,18,20.3886882386523,Las Vegas,36.175,-115.13638889,47737,United States,,1943-03-11,1943,,,,,,,,,,,,False,4.39774229658491,76,19579,2.36414034591497,49.2054409016894,64,64,231,231,3802,3802,2,2,,,,,,,216672
q92650,173353,Paul_Graham_(programmer),Paul Graham,COMPUTER SCIENTIST,1.80840885484045,M,,True,22,17.0163024795512,"Weymouth, Dorset",50.613,-2.457,17545729,United Kingdom,,1964-11-13,1964,,,,,,,,,United Kingdom,,,False,2.91300380641675,55,26393,3.4927379996034,37.9832163762824,156,156,376,376,3919,3919,2,2,,,,,,,173353
q92608,4051,Brian_Kernighan,Brian Kernighan,COMPUTER SCIENTIST,16.2923540530556,M,,True,36,21.5212576564459,Toronto,43.7,-79.4,64646,Canada,,,1942,,,,,,,,,,,,False,4.34095375030451,77,23344,4.04894731772549,52.9742708057977,41,41,178,178,120,120,16,16,,,,,,,4051
q92838,946459,Erich_Gamma,Erich Gamma,COMPUTER SCIENTIST,3.78950640938006,M,ErichGamma,True,16,16.9614910782842,Zürich,47.36666667,8.55,40334603,Switzerland,,,1961,,,,,,,,,,,,False,4.51973756862245,58,8196,2.20557057005748,37.800821509411,157,157,369,369,406,406,44,44,,,,,,,946459
q11745,4135978,Arfa_Karim,Arfa Karim,COMPUTER SCIENTIST,2.61753962416629,F,,False,20,9.74983467748428,Ram Diwali,31.55972222,73.04888889,21392241,Pakistan,,1995-02-02,1995,Lahore,31.54972222,74.34361111,125315,Pakistan,,2012-01-14,2012,,,,False,1.74811566973427,24,5694,3.66327033698462,13.802728434959,187,187,348,348,125,125,1,1,364,364,51,51,20,20,4135978
q337040,13111,George_Dantzig,George Dantzig,COMPUTER SCIENTIST,4.3418231146469,M,,False,28,22.8863294429411,"Portland, Oregon",45.52,-122.68194444,23503,United States,,1914-11-08,1914,"Stanford, California",37.4225,-122.16527778,108166,United States,,2005-05-13,2005,,,,False,4.73158427872792,105,55906,3.23862708982911,57.5167944598621,20,20,56,56,1513,1513,6,6,60,60,1262,1262,7,7,13111
q92633,38056,Shawn_Fanning,Shawn Fanning,COMPUTER SCIENTIST,8.27433723842375,M,shawnfanning,True,18,15.4144356032209,"Brockton, Massachusetts",42.08333333,-71.01888889,116883,United States,,1980-11-22,1980,,,,,,,,,United States,,,False,3.69513957052555,39,37435,2.79660742786978,32.6527141650578,174,174,370,370,9828,9828,2,2,,,,,,,38056
q92894,507174,Geoffrey_Hinton,Geoffrey Hinton,COMPUTER SCIENTIST,3.94153724717012,M,,True,19,19.5351174029829,"Wimbledon, London",51.422,-0.208,94392,United Kingdom,,1947-12-06,1947,,,,,,,,,United Kingdom,,,False,2.69479211926144,72,35738,2.47276019572193,46.3650293205498,92,92,307,307,2715,2715,6,6,,,,,,,507174
q92790,1057467,James_Rumbaugh,James Rumbaugh,COMPUTER SCIENTIST,1.53593631371579,M,,True,15,17.866892126654,,,,,,,1947-08-22,1947,,,,,,,,,,,,False,4.47694932616198,72,3653,2.30564052769772,40.8137075124206,133,133,459,459,,,,,,,,,,,1057467
q92613,195671,Leslie_Lamport,Leslie Lamport,COMPUTER SCIENTIST,13.6175798464527,M,,True,30,21.2363936528971,New York City,40.7127,-74.0059,645042,United States,,1941-02-07,1941,,,,,,,,,,,,False,4.22105685011886,78,20817,3.60527672648942,52.0263342305101,48,48,178,178,2870,2870,249,249,,,,,,,195671
q550635,67179,Phil_Katz,Phil Katz,COMPUTER SCIENTIST,9.90515344311394,M,,False,18,16.2729141797648,Milwaukee,43.05,-87.95,53117,United States,,1962-11-03,1962,Milwaukee,43.05,-87.95,53117,United States,,2000-04-14,2000,United States,,,False,3.73885665397291,57,6766,2.73600658577665,35.5094571430011,167,167,414,414,9028,9028,35,35,219,219,5024,5024,5,5,67179
q1838001,5419153,Gottfrid_Svartholm,Gottfrid Svartholm,COMPUTER SCIENTIST,1.64655690658257,M,anakata,True,18,14.3953050719212,Sweden,62,15,,Sweden,,1984-10-17,1984,,,,,,,,,,,,False,4.11096461227417,35,17992,2.58591095333369,29.2613727053576,182,182,487,487,829,829,56,56,,,,,,,5419153
q92823,307517,Edward_Feigenbaum,Edward Feigenbaum,COMPUTER SCIENTIST,1.87812669186441,M,,True,22,20.0737061964545,"Weehawken, New Jersey",40.768903,-74.015427,645042,United States,,1936-01-20,1936,,,,,,,,,,,,False,4.85248196225673,83,5300,2.80202161823288,48.1572810968759,77,77,241,241,4175,4175,1,1,,,,,,,307517
q11609,842178,Shafi_Goldwasser,Shafi Goldwasser,COMPUTER SCIENTIST,16.0472428556792,F,,True,29,17.6268393824294,New York City,40.661,-73.944,645042,United States,,1958-11-14,1958,,,,,,,,,United States,,,False,3.77641304732287,61,7704,3.68829820077884,40.0148885201514,142,142,280,280,7518,7518,654,654,,,,,,,842178
q9602,9352739,Frances_E._Allen,Frances E. Allen,COMPUTER SCIENTIST,2.24804808778407,F,,True,31,21.0612906389773,"Peru, New York",44.58583333,-73.52027778,259716,United States,,1932-08-04,1932,,,,,,,,,,,,False,4.90254427234568,87,7928,3.27337058229271,51.4436472315567,53,53,177,177,3025,3025,1,1,,,,,,,9352739
q982696,36322199,Bassel_Khartabil,Bassel Khartabil,COMPUTER SCIENTIST,3.23853486076854,M,,False,33,14.4516433831474,Damascus,33.51305556,36.29194444,8914,Syria,,1981-05-22,1981,Adra Prison,33.5901037,36.4404945,32078334,,,2015-10-03,2015,,,,False,4.24902383309131,38,5206,3.92074278769014,29.4488486417199,181,181,595,595,124,124,38,38,396,396,,,1,1,36322199
q561960,1974084,Evan_Williams_(Internet_entrepreneur),Evan Williams,COMPUTER SCIENTIST,1.29443435408171,M,ev,True,22,16.125958468275,"Clarks, Nebraska",41.21694444,-97.83888889,124071,United States,,1972-03-31,1972,,,,,,,,,,,,False,3.05853855247503,47,29573,3.45185695978942,35.0204353918033,168,168,388,388,9158,9158,1,1,,,,,,,1974084
q92596,93548,Edgar_F._Codd,Edgar F. Codd,COMPUTER SCIENTIST,0,M,,False,39,23.5890005350335,Fortuneswell,50.55836,-2.43968,736820,United Kingdom,,1923-08-19,1923,"Aventura, Florida",25.96444444,-80.13583333,109409,United States,,2003-04-18,2003,,,,False,6.84110385271906,96,30465,3.32289360614518,59.8550598085678,14,14,44,44,758,758,1,1,35,35,949,949,2,2,93548
q62898,140930,Alfred_Aho,Alfred Aho,COMPUTER SCIENTIST,6.54416360529883,M,,True,25,20.2966869320261,Timmins,48.46666667,-81.33333333,221698,Canada,,1941-08-09,1941,,,,,,,,,,,,False,5.31448598530464,78,6076,2.96459457063801,48.8992898877361,67,67,242,242,184,184,2,2,,,,,,,140930
q548672,795501,Luigi_Federico_Menabrea,Luigi Federico Menabrea,COMPUTER SCIENTIST,1.84875808997482,M,,False,28,22.0536164536532,Chambéry,45.57,5.9118,882974,France,,1809-09-04,1809,Saint-Cassin,45.5389,5.8944,15675182,France,,1896-05-24,1896,France,,,False,5.77099555892229,210,8116,2.65169017567794,54.7457911409827,31,31,23,23,1924,1924,11,11,30,30,1997,1997,1,1,795501
q92769,507172,Scott_Fahlman,Scott Fahlman,COMPUTER SCIENTIST,1.86663487331945,M,,True,15,17.8482571524516,"Medina, Ohio",41.13583333,-81.86416667,129597,United States,,1948-03-21,1948,,,,,,,,,,,,False,4.47111762325064,71,4044,2.26592530692125,40.7516962600126,134,134,392,392,7231,7231,3,3,,,,,,,507172
q92946,291807,Bertrand_Meyer,Bertrand Meyer,COMPUTER SCIENTIST,8.7708954202718,,,True,15,17.73747837163,Paris,48.8567,2.3508,22989,France,,1950-11-21,1950,,,,,,,,,France,,,False,3.78228426590849,69,6738,2.30264610818709,40.3830597991109,138,138,374,374,3371,3371,786,786,,,,,,,291807
q21996568,49416318,Alexandra_Elbakyan,Alexandra Elbakyan,COMPUTER SCIENTIST,3.17126159045348,F,ringo_ring,True,28,15.9951391831163,Almaty,43.2775,76.89583333,159577,Kazakhstan,,1988-11-06,1988,,,,,,,,,,,,False,5.10126201791483,31,50094,3.01018169002225,34.5851105223569,170,170,209,209,94,94,8,8,,,,,,,49416318
q62874,299443,John_Hopcroft,John Hopcroft,COMPUTER SCIENTIST,5.05782697091839,M,,True,26,19.8515061881086,Seattle,47.60972222,-122.33305556,11388236,United States,,,1939,,,,,,,,,,,,False,4.33340292583454,80,4712,3.37442492648797,47.4178703172888,85,85,249,249,4458,4458,21,21,,,,,,,299443
q92804,185177,Don_Norman,Don Norman,COMPUTER SCIENTIST,3.23022821033344,M,,True,18,21.5322413720282,"University of California, San Diego",32.881,-117.238,165081,United States,,1935-12-25,1935,,,,,,,,,,,,False,5.16014311729378,84,24895,2.33733582464189,53.0108211091119,39,39,125,125,2579,2579,1,1,,,,,,,185177
q92746,71331,John_Backus,John Backus,COMPUTER SCIENTIST,0,M,,False,42,22.8278221870411,Philadelphia,39.95277778,-75.16361111,50585,United States,,1924-12-03,1924,"Ashland, Oregon",42.19138889,-122.70083333,74286,United States,,2007-03-17,2007,United States,,,False,6.28093140934288,95,16611,3.76332104920672,57.3221009671906,21,21,74,74,1557,1557,27,27,54,54,1304,1304,1,1,71331
q204815,19639,Marvin_Minsky,Marvin Minsky,COMPUTER SCIENTIST,0,M,,False,50,23.7370265123873,New York City,40.661,-73.944,645042,United States,,1927-08-09,1927,Boston,42.35805556,-71.06361111,24437894,United States,,2016-01-24,2016,United States,,,False,5.35394519318406,92,47013,4.31737393308299,60.3476430633079,13,13,51,51,1043,1043,95,95,58,58,890,890,10,10,19639
q17520,5094580,Kathleen_Antonelli,Kathleen Antonelli,COMPUTER SCIENTIST,7.357522855316,F,,False,21,18.5449395270883,,,,,,,,,,,,,,,2006-04-20,2006,,,,False,3.19505990393831,98,2957,3.21106437805374,43.0700330665206,117,117,,,,,,,226,226,,,,,5094580
q92646,1713373,John_Henry_Holland,John Henry Holland,COMPUTER SCIENTIST,1.81835194712278,M,,False,20,20.4358893683874,Fort Wayne (fort),41.08553056,-85.13632778,2271269,United States,,1929-02-02,1929,"Ann Arbor, Michigan",42.28138889,-83.74833333,2067,United States,,2015-08-09,2015,,,,False,5.35435177569791,90,6369,2.50057015987674,49.3625112114278,63,63,219,219,3729,3729,1,1,169,169,2733,2733,7,7,1713373
q92862,332887,Jaron_Lanier,Jaron Lanier,COMPUTER SCIENTIST,1.23562604884043,M,,True,24,18.7475739244155,New York City,40.661,-73.944,645042,United States,,1960-05-03,1960,,,,,,,,,United States,,,False,3.8671969934365,59,36556,3.11589296840341,43.7443357311071,110,110,201,201,6029,6029,527,527,,,,,,,332887
q368328,36732,Bruce_Schneier,Bruce Schneier,COMPUTER SCIENTIST,1.96125137351904,M,schneierblog,True,24,17.7055851386583,New York City,40.661,-73.944,645042,United States,,1963-01-15,1963,,,,,,,,,United States,,,False,3.92988585592989,56,19287,3.18549380623207,40.2769292888975,139,139,317,317,7417,7417,644,644,,,,,,,36732
q655844,22827716,Christian_Engström,Christian Engström,COMPUTER SCIENTIST,1.74272027953185,M,Engstrom_PP,True,16,16.6887064523229,Stockholm,59.32944444,18.06861111,26741,Sweden,,1960-02-09,1960,,,,,,,,,Sweden,,,False,5.89160516990907,59,2457,1.69307408134773,36.8930812512404,163,163,389,389,677,677,155,155,,,,,,,22827716
q921020,2227915,Larry_Ewing,Larry Ewing,COMPUTER SCIENTIST,7.51013864348815,M,,True,15,14.6428894690326,,,,,,,1978-04-03,1978,,,,,,,,,,,,False,6.82497521379049,41,2667,1.35916953667071,30.0852546369762,180,180,497,497,,,,,,,,,,,2227915
q92822,307507,Richard_E._Stearns,Richard E. Stearns,COMPUTER SCIENTIST,4.57538494098769,M,,True,22,18.9037953251979,"Caldwell, New Jersey",40.839244,-74.276999,645042,United States,,1936-07-05,1936,,,,,,,,,,,,False,4.7748658161402,83,1762,2.90590783172048,44.2641907419175,105,105,299,299,5832,5832,2,2,,,,,,,307507
q8556,10018,Edsger_W._Dijkstra,Edsger W. Dijkstra,COMPUTER SCIENTIST,0,M,,False,53,24.9605362868546,Rotterdam,51.91666667,4.5,26049,Netherlands,,1930-05-11,1930,Nuenen,51.46666667,5.55,155518,Netherlands,,2002-08-06,2002,Netherlands,,,False,7.26709244326755,89,73234,3.99899017804935,64.4190934782099,7,7,35,35,71,71,4,4,20,20,59,59,1,1,10018
q1373431,3711881,Alan_Shugart,Alan Shugart,COMPUTER SCIENTIST,1.25289902672537,M,,False,16,19.1985446017979,,,,,,,1930-09-27,1930,"Monterey, California",36.60305556,-121.89361111,40444,United States,,2006-12-12,2006,,,,False,4.31148536243119,89,3992,2.22356585531823,45.2450223540128,98,98,313,313,,,,,200,200,3762,3762,4,4,3711881
q92612,298763,Richard_M._Karp,Richard M. Karp,COMPUTER SCIENTIST,24.6060661559059,M,,True,30,20.4740975840561,Boston,42.35805556,-71.06361111,24437894,United States,,1935-01-03,1935,,,,,,,,,,,,False,4.81541100021895,84,5382,3.52159503444467,49.4896559705327,61,61,181,181,3673,3673,65,65,,,,,,,298763
q64564,30017929,Daniel_Domscheit-Berg,Daniel Domscheit-Berg,COMPUTER SCIENTIST,3.36826917190597,M,,True,15,16.5125794195532,,,,,,,1978-01-01,1978,,,,,,,,,,,,False,4.39905510680653,41,55253,1.8035454829788,36.3069866440617,164,164,269,269,,,,,,,,,,,30017929
q92821,15590959,E._Allen_Emerson,E. Allen Emerson,COMPUTER SCIENTIST,1.07446769047694,M,,True,21,16.7996969419396,Dallas,32.77916667,-96.80888889,53838,United States,,1954-06-02,1954,,,,,,,,,United States,,,False,4.5516203649649,65,1947,2.8025884395996,37.2624222115094,158,158,368,368,8491,8491,48,48,,,,,,,15590959
q92781,15590963,Joseph_Sifakis,Joseph Sifakis,COMPUTER SCIENTIST,2.90211360100424,M,,True,22,20.035113973918,Heraklion,35.33333333,25.13333333,2006,Greece,,,1946,,,,,,,,,,,,False,6.48947804419235,73,5778,2.15773767251467,48.0288584853552,80,80,272,272,525,525,5,5,,,,,,,15590963
q62894,301387,Charles_Bachman,Charles Bachman,COMPUTER SCIENTIST,1.6662222980871,M,,False,31,21.2121393260159,"Manhattan, Kansas",39.19166667,-96.59166667,150444,United States,,1924-12-11,1924,,,,,,,2017-07-13,2017,United States,,,False,6.13552670221393,95,5393,3.19571814942863,51.9456235641103,50,50,154,154,2893,2893,1,1,159,159,,,,,301387
q16489,56288,Sophie_Wilson,Sophie Wilson,COMPUTER SCIENTIST,3.25770223020442,,,True,15,15.1894437292725,,,,,,,1957-01-01,1957,,,,,,,,,,,,False,2.18200822368622,62,4833,2.71141004810301,31.9040129469285,176,176,444,444,,,,,,,,,,,56288
q14254,17212387,Karen_Spärck_Jones,Karen Spärck Jones,COMPUTER SCIENTIST,11.934003575243,F,,False,18,18.4137327942846,Huddersfield,53.645,-1.7798,152475,United Kingdom,,1935-08-26,1935,"Willingham, Cambridgeshire",52.32,0.07,3137194,United Kingdom,,2007-04-04,2007,United Kingdom,,,False,3.61739275746195,84,2588,2.7001765390826,42.6334188948485,122,122,275,275,3375,3375,4,4,240,240,2212,2212,1,1,17212387
q16080922,1507538,Barbara_Liskov,Barbara Liskov,COMPUTER SCIENTIST,18.4692087607238,F,,True,32,21.5220330147095,Los Angeles,34.05,-118.25,18110,United States,,1939-11-07,1939,,,,,,,,,United States,,,False,4.49699822974407,80,16428,3.61093066725015,52.9768509508769,40,40,145,145,2591,2591,71,71,,,,,,,1507538
q92632,301915,John_Cocke,John Cocke,COMPUTER SCIENTIST,44.7178947994967,M,,False,25,20.3762161679668,"Charlotte, North Carolina",35.22722222,-80.84305556,57447,United States,,1925-05-30,1925,"Valhalla, New York",41.075,-73.77527778,127594,United States,,2002-07-16,2002,United States,,,False,5.46049548667376,94,4264,2.97984695460399,49.1639378271518,65,65,204,204,3817,3817,3,3,133,133,2785,2785,1,1,301915
q92778,254150,J._C._R._Licklider,J. C. R. Licklider,COMPUTER SCIENTIST,2.44640411754045,M,,False,20,22.2681752058957,St. Louis,38.62722222,-90.19777778,27687,United States,,1915-03-11,1915,"Arlington, Massachusetts",42.41527778,-71.15694444,182168,United States,,1990-06-26,1990,United States,,,False,5.68087857003478,104,25925,2.03538304680529,55.4597742566622,26,26,73,73,1935,1935,13,13,65,65,1548,1548,2,2,254150
q380929,2010495,Gary_McKinnon,Gary McKinnon,COMPUTER SCIENTIST,1.41817719469929,M,,True,21,18.9838106389331,Glasgow,55.858,-4.259,68736,United Kingdom,,1966-02-10,1966,,,,,,,,,,,,False,4.29675183965439,53,99356,2.76316788169645,44.5304561932479,100,100,143,143,3049,3049,40,40,,,,,,,2010495
q618558,36135765,Craig_Federighi,Craig Federighi,COMPUTER SCIENTIST,1.15392016924979,M,_HairForceOne,True,16,15.329570731238,,,,,,,1969-05-27,1969,,,,,,,,,,,,False,2.91119112352727,50,14582,2.75165518194885,32.3703109301546,175,175,535,535,,,,,,,,,,,36135765
q10314243,35507196,Kevin_Systrom,Kevin Systrom,COMPUTER SCIENTIST,5.61486383218124,M,kevin,True,22,17.6809405394943,"Holliston, Massachusetts",42.18333333,-71.425,116843,United States,,,,,,,,,,,,,,,False,5.32383823034559,36,163518,2.54765735630811,40.1949199207787,140,140,,,7444,7444,1,1,,,,,,,35507196
q313407,10723489,Liviu_Librescu,Liviu Librescu,COMPUTER SCIENTIST,1.2672165822567,M,,False,24,20.1567687926288,Ploiești,44.93333333,26.03333333,327584,Romania,,1930-08-18,1930,"Blacksburg, Virginia",37.23,-80.41777778,137686,United States,,2007-04-16,2007,Romania,,,False,3.0410906737247,89,15111,3.61400389027499,48.4336869325416,73,73,252,252,201,201,2,2,175,175,2956,2956,2,2,10723489
q92857,1127106,Ivar_Jacobson,Ivar Jacobson,COMPUTER SCIENTIST,1.59306514280073,M,,True,18,19.9732574401061,Ystad,55.41666667,13.83333333,1019377,Sweden,,1939-09-02,1939,,,,,,,,,Sweden,,,False,4.93709758701296,80,5960,2.35097734755204,47.8230196637057,82,82,242,242,461,461,2,2,,,,,,,1127106
q92851,816239,David_Patterson_(computer_scientist),David Patterson,COMPUTER SCIENTIST,2.94834281941829,M,,True,17,18.3876897154596,"Evergreen Park, Illinois",41.72,-87.7025,110976,United States,,1947-11-16,1947,,,,,,,,,United States,,,False,3.58909660362512,72,8790,2.72064917967884,42.5467558323211,124,124,417,417,6515,6515,2,2,,,,,,,816239
q4864,2272321,Eugene_Kaspersky,Eugene Kaspersky,COMPUTER SCIENTIST,1.29281823749759,M,e_kaspersky,True,28,19.3513814364243,Novorossiysk,44.71666718,37.75,1190336,Russia,,1965-10-04,1965,,,,,,,,,,,,False,4.71999873814768,54,59506,2.82334069182343,45.7536146078203,96,96,137,137,1239,1239,2,2,,,,,,,2272321
q11636,3714088,Betty_Holberton,Betty Holberton,COMPUTER SCIENTIST,2.2539161379745,,,False,15,18.6441570848467,Philadelphia,39,57,50585,Turkmenistan,,1917-03-07,1917,"Rockville, Maryland",39.08361111,-77.14833333,43483,United States,,2001-12-08,2001,United States,,,False,2.78236349836576,102,6101,2.38921641186677,43.400197463349,114,114,195,195,32,32,128,128,186,186,4111,4111,1,1,3714088
q62857,472463,Maurice_Wilkes,Maurice Wilkes,COMPUTER SCIENTIST,1.71648538873935,M,,False,35,22.2152246459576,Dudley,52.508,-2.089,266706,United Kingdom,,1913-06-26,1913,Cambridge,52.20527778,0.11916667,36995,United Kingdom,,2010-11-29,2010,United Kingdom,,,False,6.61877760362011,106,8743,3.05036655461399,55.2835716764065,29,29,91,91,1280,1280,1,1,70,70,962,962,45,45,472463
q4934,60903,Larry_Page,Larry Page,COMPUTER SCIENTIST,0,M,,True,78,22.6077868431136,"Lansing, Michigan",42.73361111,-84.54666667,18538,United States,,1973-03-26,1973,,,,,,,,,,,,False,6.49690985636008,46,580605,5.11353550642109,56.5898935005877,22,22,12,12,1705,1705,4,4,,,,,,,60903
q347418,1030713,Gabe_Newell,Gabe Newell,COMPUTER SCIENTIST,3.18859447572604,M,,True,37,22.234829708574,Colorado,39,-105.5,5399,United States,,1962-11-03,1962,,,,,,,,,,,,False,6.91865813653238,57,201307,3.03278454310354,55.3488110737446,27,27,32,32,1962,1962,1,1,,,,,,,1030713
q8460832,42705922,Liu_Gang,Liu Gang,COMPUTER SCIENTIST,1.41330864156748,M,LiuGang8964,True,53,19.7514775936957,Liaoyuan,42.88333333,125.15,2103146,China,,1961-01-30,1961,,,,,,,,,,,,False,4.09463886720976,58,27346,4.07055488377893,47.0850070490722,87,87,125,125,620,620,1,1,,,,,,,42705922
q11641,12590,Grace_Hopper,Grace Hopper,COMPUTER SCIENTIST,0,F,,False,59,27.7069417504231,New York City,40.661,-73.944,645042,United States,,1906-12-09,1906,"Arlington County, Virginia",38.8802777778,-77.1083333333,108956,United States,,1992-01-01,1992,United States,,,False,14.1755616215252,113,125002,2.45308538616297,73.5582551731002,2,2,9,9,116,116,6,6,6,6,96,96,1,1,12590
q557018,510275,Ken_Kutaragi,Ken Kutaragi,COMPUTER SCIENTIST,1.2940070376606,M,,True,18,21.2271835718423,Tokyo,35.68972222,139.69222222,30057,Japan,,1950-08-02,1950,,,,,,,,,,,,False,6.08662244622483,69,47291,1.8387465130321,51.9956860173821,49,49,106,106,664,664,55,55,,,,,,,510275
q15025,1721497,Audrey_Tang,Audrey Tang,COMPUTER SCIENTIST,1.03057424536155,F,audreyt,True,21,15.1333004503079,Taipei,25.06666667,121.51666667,57648,Taiwan,,1981-04-18,1981,,,,,,,,,,,,False,2.19592764106394,38,82174,3.3855336884751,31.7171860157469,177,177,464,464,36,36,13,13,,,,,,,1721497
q62870,39432,Stephen_Cook,Stephen Cook,COMPUTER SCIENTIST,2.98328927926059,M,,True,28,20.257905575336,"Buffalo, New York",42.90472222,-78.84944444,3985,United States,,1939-12-14,1939,,,,,,,,,,,,False,4.04187994549245,80,7577,3.64647135507233,48.7702378980574,71,71,225,225,3956,3956,13,13,,,,,,,39432
q92761,14851,Ian_Murdock,Ian Murdock,COMPUTER SCIENTIST,1.33258364084789,M,imurdock,False,39,17.312423614986,Konstanz,47,40,98095,Russia,,1973-04-28,1973,San Francisco,37.78333333,-122.41666667,49728,United States,,2015-12-28,2015,Switzerland,,,False,4.03484441772342,46,24943,4.22392437070719,38.9686130971647,151,151,263,263,1505,1505,4,4,342,342,4789,4789,54,54,14851
q32338,464164,Leonard_Kleinrock,Leonard Kleinrock,COMPUTER SCIENTIST,18.8055182876953,M,,True,23,22.0305838850002,New York City,40.661,-73.944,645042,United States,,1934-06-13,1934,,,,,,,,,United States,,,False,5.54435662692299,85,22173,2.40437933938171,54.6691460964105,32,32,110,110,2123,2123,185,185,,,,,,,464164
